name,state,conference
Albany Technical College,GA,Georgia Collegiate Athletic Association (Region 17)
Alexandria Technical & Community College,MN,Minnesota College Athletic Conference (Region 13)
Allegany College of Maryland,MD,Maryland Junior College Athletic Conference (Region 20)
Allen County Community College,KS,Kansas Jayhawk Community College Conference (Region 6)
Alpena Community College,MI,Michigan Community College Athletic Association (Region 12)
Alvin Community College,TX,Southwest Junior College Conference (Region 14)
Amarillo College,TX,Western Junior College Athletic Conference (Region 5)
Angelina College,TX,Southwest Junior College Conference (Region 14)
Anne Arundel Community College,MD,Maryland Junior College Athletic Conference (Region 20)
Anoka-Ramsey Community College,MN,Minnesota College Athletic Conference (Region 13)
Arizona Western College,AZ,Arizona Community College Athletic Conference (Region 1)
Arkansas State University Mid-South,AR,Bi-State Conference (Region 2)
Arkansas State University Three Rivers,AR,Bi-State Conference (Region 2)
Arkansas State University-Mountain Home,AR,Bi-State Conference (Region 2)
Arkansas State University-Newport,AR,Bi-State Conference (Region 2)
Atlantic Cape Community College,NJ,Garden State Athletic Conference (Region 19)
Baltimore City Community College,MD,Maryland Junior College Athletic Conference (Region 20)
Barton County Community College,KS,Kansas Jayhawk Community College Conference (Region 6)
Baton Rouge Community College,LA,Louisiana Community Colleges Athletic Conference (Region 23)
Bay de Noc Community College,MI,Michigan Community College Athletic Association (Region 12)
Bergen Community College,NJ,Garden State Athletic Conference (Region 19)
Bevill State Community College,AL,Alabama Community College Conference (Region 22)
Bishop State Community College,AL,Alabama Community College Conference (Region 22)
Black Hawk College,IL,Arrowhead Conference (Region 4)
Blinn College District,TX,Southwest Junior College Conference (Region 14)
Bossier Parish Community College,LA,Southwest Junior College Conference (Region 14)
Bristol Community College,MA,Massachusetts Community College Athletic Association (Region 21)
Brookdale Community College,NJ,Garden State Athletic Conference (Region 19)
Brunswick Community College,NC,Carolinas Junior College Conference (Region 10)
Bryant & Stratton College-Parma,OH,Ohio Community College Athletic Conference (Region 12)
Bryant & Stratton College-Virginia Beach,VA,Carolinas Junior College Conference (Region 10)
Bunker Hill Community College,MA,Massachusetts Community College Athletic Association (Region 21)
Butler Community College,KS,Kansas Jayhawk Community College Conference (Region 6)
Butler County Community College,PA,Western Pennsylvania Athletic Conference (Region 20)
CUNY Borough of Manhattan Community College,NY,City University of New York Athletic Conference (Region 15)
CUNY Bronx Community College,NY,City University of New York Athletic Conference (Region 15)
CUNY Hostos Community College,NY,City University of New York Athletic Conference (Region 15)
CUNY Kingsborough Community College,NY,City University of New York Athletic Conference (Region 15)
CUNY LaGuardia Community College,NY,City University of New York Athletic Conference (Region 15)
CUNY Queensborough Community College,NY,City University of New York Athletic Conference (Region 15)
Caldwell Community College and Technical Institute,NC,Carolinas Junior College Conference (Region 10)
Camden County College,NJ,Garden State Athletic Conference (Region 19)
Carl Albert State College,OK,Bi-State Conference (Region 2)
Carl Sandburg College,IL,Arrowhead Conference (Region 4)
Carroll Community College,MD,Maryland Junior College Athletic Conference (Region 20)
Casper College,WY,Wyoming Community College Athletic Conference (Region 9)
Catawba Valley Community College,NC,Carolinas Junior College Conference (Region 10)
Cecil College,MD,Maryland Junior College Athletic Conference (Region 20)
Central Alabama Community College,AL,Alabama Community College Conference (Region 22)
Central Arizona College,AZ,Arizona Community College Athletic Conference (Region 1)
Central Carolina Community College,NC,Carolinas Junior College Conference (Region 10)
Central Georgia Technical College,GA,Georgia Collegiate Athletic Association (Region 17)
Central Lakes College-Brainerd,MN,Minnesota College Athletic Conference (Region 13)
Central Wyoming College,WY,Wyoming Community College Athletic Conference (Region 9)
Century College,MN,Minnesota College Athletic Conference (Region 13)
Chandler-Gilbert Community College,AZ,Arizona Community College Athletic Conference (Region 1)
Chattahoochee Valley Community College,AL,Alabama Community College Conference (Region 22)
Chattanooga State Community College,TN,Tennessee Junior and Community College Athletic Association (Region 7)
Chesapeake College,MD,Maryland Junior College Athletic Conference (Region 20)
Chipola College,FL,Panhandle Conference (Region 8)
Cisco College,TX,North Texas Junior College Athletic Conference (Region 5)
City Colleges of Chicago-Harry S Truman College,IL,City College of Chicago Athletic Conference (Region 4)
City Colleges of Chicago-Kennedy-King College,IL,City College of Chicago Athletic Conference (Region 4)
City Colleges of Chicago-Malcolm X College,IL,City College of Chicago Athletic Conference (Region 4)
City Colleges of Chicago-Olive-Harvey College,IL,City College of Chicago Athletic Conference (Region 4)
City Colleges of Chicago-Wilbur Wright College,IL,City College of Chicago Athletic Conference (Region 4)
Clarendon College,TX,Western Junior College Athletic Conference (Region 5)
Clark State College,OH,Ohio Community College Athletic Conference (Region 12)
Cleveland Community College,NC,Carolinas Junior College Conference (Region 10)
Cleveland State Community College,TN,Tennessee Junior and Community College Athletic Association (Region 7)
Cloud County Community College,KS,Kansas Jayhawk Community College Conference (Region 6)
Coahoma Community College,MS,Mississippi Association of Community & Junior Colleges (Region 23)
Coastal Alabama Community College,AL,Alabama Community College Conference (Region 22)
Coastal Bend College,TX,Southwest Junior College Conference (Region 14)
Cochise County Community College District,AZ,Arizona Community College Athletic Conference (Region 1)
Coconino Community College,AZ,Arizona Community College Athletic Conference (Region 1)
Coffeyville Community College,KS,Kansas Jayhawk Community College Conference (Region 6)
Colby Community College,KS,Kansas Jayhawk Community College Conference (Region 6)
College of Central Florida,FL,Mid-Florida Conference (Region 8)
College of DuPage,IL,North Central Community College Conference (Region 4)
College of Lake County,IL,Illinois Skyway Conference (Region 4)
College of Southern Idaho,ID,Scenic West Athletic Conference (Region 18)
College of Southern Maryland,MD,Maryland Junior College Athletic Conference (Region 20)
College of Southern Nevada,NV,Scenic West Athletic Conference (Region 18)
Collin County Community College District,TX,North Texas Junior College Athletic Conference (Region 5)
Colorado Northwestern Community College,CO,Scenic West Athletic Conference (Region 18)
Columbia State Community College,TN,Tennessee Junior and Community College Athletic Association (Region 7)
Community Christian College,AZ,Scenic West Athletic Conference (Region 18)
Community College of Allegheny County,PA,Western Pennsylvania Athletic Conference (Region 20)
Community College of Baltimore County,MD,Maryland Junior College Athletic Conference (Region 20)
Community College of Beaver County,PA,Western Pennsylvania Athletic Conference (Region 20)
Community College of Philadelphia,PA,Eastern Pennsylvania Athletic Conference (Region 19)
Community College of Rhode Island,RI,Massachusetts Community College Athletic Association (Region 21)
Connors State College,OK,Bi-State Conference (Region 2)
Copiah-Lincoln Community College,MS,Mississippi Association of Community & Junior Colleges (Region 23)
Cossatot Community College of the University of Arkansas,AR,Bi-State Conference (Region 2)
County College of Morris,NJ,Garden State Athletic Conference (Region 19)
Cowley County Community College,KS,Kansas Jayhawk Community College Conference (Region 6)
Dakota College at Bottineau,ND,Mon-Dak Conference (Region 13)
Dallas College,TX,Metro Athletic Conference (Region 5)
Danville Area Community College,IL,Mid-West Athletic Conference (Region 24)
Davidson-Davie Community College,NC,Carolinas Junior College Conference (Region 10)
Dawson Community College,MT,Mon-Dak Conference (Region 13)
Daytona State College,FL,Mid-Florida Conference (Region 8)
Delaware County Community College,PA,Eastern Pennsylvania Athletic Conference (Region 19)
Delgado Community College,LA,Louisiana Community Colleges Athletic Conference (Region 23)
Delta College,MI,Michigan Community College Athletic Association (Region 12)
Denmark Technical College,SC,Carolinas Junior College Conference (Region 10)
Des Moines Area Community College,IA,Iowa Community College Athletic Conference (Region 11)
Dodge City Community College,KS,Kansas Jayhawk Community College Conference (Region 6)
Dyersburg State Community College,TN,Tennessee Junior and Community College Athletic Association (Region 7)
East Central College,MO,Missouri Community College Athletic Conference (Region 16)
East Central Community College,MS,Mississippi Association of Community & Junior Colleges (Region 23)
East Mississippi Community College,MS,Mississippi Association of Community & Junior Colleges (Region 23)
Eastern Arizona College,AZ,Arizona Community College Athletic Conference (Region 1)
Eastern Florida State College,FL,Southern Conference (Region 8)
Eastern Iowa Community College District,IA,Iowa Community College Athletic Conference (Region 11)
Eastern Oklahoma State College,OK,Bi-State Conference (Region 2)
Eastern Wyoming College,WY,Wyoming Community College Athletic Conference (Region 9)
Edison State Community College,OH,Ohio Community College Athletic Conference (Region 12)
El Paso Community College,TX,Western Junior College Athletic Conference (Region 5)
Elgin Community College,IL,Illinois Skyway Conference (Region 4)
Ellsworth Community College,IA,Iowa Community College Athletic Conference (Region 11)
Emory University-Oxford College,GA,Georgia Collegiate Athletic Association (Region 17)
Enterprise State Community College,AL,Alabama Community College Conference (Region 22)
Essex County College,NJ,Garden State Athletic Conference (Region 19)
Estrella Mountain Community College,AZ,Arizona Community College Athletic Conference (Region 1)
Fayetteville Technical Community College,NC,Carolinas Junior College Conference (Region 10)
Finger Lakes Community College,NY,Mid-State Athletic Conference (Region 3)
Florence-Darlington Technical College,SC,Carolinas Junior College Conference (Region 10)
Florida SouthWestern State College,FL,Suncoast Conference (Region 8)
Florida State College at Jacksonville,FL,Mid-Florida Conference (Region 8)
Fort Hays State University-Northwest Kansas Technical College,KS,Kansas Jayhawk Community College Conference (Region 6)
Fort Scott Community College,KS,Kansas Jayhawk Community College Conference (Region 6)
Frank Phillips College,TX,Western Junior College Athletic Conference (Region 5)
Frederick Community College,MD,Maryland Junior College Athletic Conference (Region 20)
Gadsden State Community College,AL,Alabama Community College Conference (Region 22)
Galveston College,TX,Southwest Junior College Conference (Region 14)
Garden City Community College,KS,Kansas Jayhawk Community College Conference (Region 6)
Gaston College,NC,Carolinas Junior College Conference (Region 10)
GateWay Community College,AZ,Massachusetts Community College Athletic Association (Region 21)
George C Wallace Community College-Dothan,AL,Alabama Community College Conference (Region 22)
George C Wallace State Community College-Hanceville,AL,Alabama Community College Conference (Region 22)
George C Wallace State Community College-Selma,AL,Alabama Community College Conference (Region 22)
Georgia Highlands College,GA,Georgia Collegiate Athletic Association (Region 17)
Georgia Military College,GA,Georgia Collegiate Athletic Association (Region 17)
Glen Oaks Community College,MI,Michigan Community College Athletic Association (Region 12)
Glendale Community College,AZ,Arizona Community College Athletic Conference (Region 1)
Gordon State College,GA,Georgia Collegiate Athletic Association (Region 17)
Grand Rapids Community College,MI,Michigan Community College Athletic Association (Region 12)
Grayson College,TX,North Texas Junior College Athletic Conference (Region 5)
Guilford Technical Community College,NC,Carolinas Junior College Conference (Region 10)
Gulf Coast State College,FL,Panhandle Conference (Region 8)
Hagerstown Community College,MD,Maryland Junior College Athletic Conference (Region 20)
Harford Community College,MD,Maryland Junior College Athletic Conference (Region 20)
Harrisburg Area Community College,PA,Eastern Pennsylvania Athletic Conference (Region 19)
Hawkeye Community College,IA,Iowa Community College Athletic Conference (Region 11)
Heartland Community College,IL,Mid-West Athletic Conference (Region 24)
Henry Ford College,MI,Michigan Community College Athletic Association (Region 12)
Highland Community College,IL,Arrowhead Conference (Region 4)
Highland Community College,KS,Kansas Jayhawk Community College Conference (Region 6)
Hill College,TX,North Texas Junior College Athletic Conference (Region 5)
Hillsborough College,FL,Suncoast Conference (Region 8)
Hinds Community College,MS,Mississippi Association of Community & Junior Colleges (Region 23)
Hocking College,OH,Ohio Community College Athletic Conference (Region 12)
Holmes Community College,MS,Mississippi Association of Community & Junior Colleges (Region 23)
Holyoke Community College,MA,Massachusetts Community College Athletic Association (Region 21)
Howard College,TX,Western Junior College Athletic Conference (Region 5)
Howard Community College,MD,Maryland Junior College Athletic Conference (Region 20)
Hutchinson Community College,KS,Kansas Jayhawk Community College Conference (Region 6)
Illinois Central College,IL,Mid-West Athletic Conference (Region 24)
Illinois Valley Community College,IL,Arrowhead Conference (Region 4)
Independence Community College,KS,Kansas Jayhawk Community College Conference (Region 6)
Indian Hills Community College,IA,Iowa Community College Athletic Conference (Region 11)
Indian River State College,FL,Southern Conference (Region 8)
Iowa Central Community College,IA,Iowa Community College Athletic Conference (Region 11)
Iowa Lakes Community College,IA,Iowa Community College Athletic Conference (Region 11)
Iowa Western Community College,IA,Iowa Community College Athletic Conference (Region 11)
Itawamba Community College,MS,Mississippi Association of Community & Junior Colleges (Region 23)
Jackson College,MI,Michigan Community College Athletic Association (Region 12)
Jackson State Community College,TN,Tennessee Junior and Community College Athletic Association (Region 7)
Jacksonville College-Main Campus,TX,Southwest Junior College Conference (Region 14)
Jefferson College,MO,Missouri Community College Athletic Conference (Region 16)
Jefferson Community College,NY,Mid-State Athletic Conference (Region 3)
Jefferson State Community College,AL,Alabama Community College Conference (Region 22)
John C Calhoun State Community College,AL,Alabama Community College Conference (Region 22)
John Wood Community College,IL,Mid-West Athletic Conference (Region 24)
Johnson County Community College,KS,Kansas Jayhawk Community College Conference (Region 6)
Johnston Community College,NC,Carolinas Junior College Conference (Region 10)
Joliet Junior College,IL,North Central Community College Conference (Region 4)
Jones County Junior College,MS,Mississippi Association of Community & Junior Colleges (Region 23)
Kalamazoo Valley Community College,MI,Michigan Community College Athletic Association (Region 12)
Kansas City Kansas Community College,KS,Kansas Jayhawk Community College Conference (Region 6)
Kellogg Community College,MI,Michigan Community College Athletic Association (Region 12)
Kilgore College,TX,Southwest Junior College Conference (Region 14)
Kirkwood Community College,IA,Iowa Community College Athletic Conference (Region 11)
Kirtland Community College,MI,Michigan Community College Athletic Association (Region 12)
Kishwaukee College,IL,Arrowhead Conference (Region 4)
Labette Community College,KS,Kansas Jayhawk Community College Conference (Region 6)
Lackawanna College,PA,Eastern Pennsylvania Athletic Conference (Region 19)
Lake Michigan College,MI,Michigan Community College Athletic Association (Region 12)
Lake-Sumter State College,FL,Mid-Florida Conference (Region 8)
Lakeland Community College,OH,Ohio Community College Athletic Conference (Region 12)
Lamar Community College,CO,Colorado Community College Athletic Conference (Region 9)
Lamar State College-Port Arthur,TX,Southwest Junior College Conference (Region 14)
Lansing Community College,MI,Michigan Community College Athletic Association (Region 12)
Laramie County Community College,WY,Wyoming Community College Athletic Conference (Region 9)
Lawson State Community College,AL,Alabama Community College Conference (Region 22)
Lee College,TX,Southwest Junior College Conference (Region 14)
Lenoir Community College,NC,Carolinas Junior College Conference (Region 10)
Lewis and Clark Community College,IL,Mid-West Athletic Conference (Region 24)
Lincoln Land Community College,IL,Mid-West Athletic Conference (Region 24)
Lorain County Community College,OH,Ohio Community College Athletic Conference (Region 12)
Louisburg College,NC,Carolinas Junior College Conference (Region 10)
Louisiana State University-Eunice,LA,Louisiana Community Colleges Athletic Conference (Region 23)
Luna Community College,NM,Western Junior College Athletic Conference (Region 5)
Lurleen B Wallace Community College,AL,Alabama Community College Conference (Region 22)
Luzerne County Community College,PA,Eastern Pennsylvania Athletic Conference (Region 19)
Macomb Community College,MI,Michigan Community College Athletic Association (Region 12)
Madison Area Technical College,WI,North Central Community College Conference (Region 4)
Marion Military Institute,AL,Alabama Community College Conference (Region 22)
Massachusetts Bay Community College,MA,Massachusetts Community College Athletic Association (Region 21)
McHenry County College,IL,Illinois Skyway Conference (Region 4)
McLennan Community College,TX,North Texas Junior College Athletic Conference (Region 5)
Mercer County Community College,NJ,Garden State Athletic Conference (Region 19)
Meridian Community College,MS,Mississippi Association of Community & Junior Colleges (Region 23)
Mesa Community College,AZ,Arizona Community College Athletic Conference (Region 1)
Miami Dade College,FL,Southern Conference (Region 8)
Mid Michigan College,MI,Michigan Community College Athletic Association (Region 12)
Mid-Plains Community College,NE,Nebraska Community College Athletic Conference (Region 9)
Middlesex College,NJ,Garden State Athletic Conference (Region 19)
Midland College,TX,Western Junior College Athletic Conference (Region 5)
Miles Community College,MT,Mon-Dak Conference (Region 13)
Milwaukee Area Technical College,WI,North Central Community College Conference (Region 4)
Minnesota North College,MN,Minnesota College Athletic Conference (Region 13)
Minnesota State Community and Technical College,MN,Minnesota College Athletic Conference (Region 13)
Minnesota West Community and Technical College,MN,Minnesota College Athletic Conference (Region 13)
Mississippi Delta Community College,MS,Mississippi Association of Community & Junior Colleges (Region 23)
Mississippi Gulf Coast Community College,MS,Mississippi Association of Community & Junior Colleges (Region 23)
Missouri State University-West Plains,MO,Missouri Community College Athletic Conference (Region 16)
Moberly Area Community College,MO,Missouri Community College Athletic Conference (Region 16)
Mohave Community College,AZ,Arizona Community College Athletic Conference (Region 1)
Montcalm Community College,MI,Michigan Community College Athletic Association (Region 12)
Montgomery College,MD,Maryland Junior College Athletic Conference (Region 20)
Montgomery County Community College,PA,Eastern Pennsylvania Athletic Conference (Region 19)
Moraine Valley Community College,IL,Illinois Skyway Conference (Region 4)
Morton College,IL,Illinois Skyway Conference (Region 4)
Motlow State Community College,TN,Tennessee Junior and Community College Athletic Association (Region 7)
Mott Community College,MI,Michigan Community College Athletic Association (Region 12)
Murray State College,OK,Bi-State Conference (Region 2)
Muskegon Community College,MI,Michigan Community College Athletic Association (Region 12)
National Park College,AR,Bi-State Conference (Region 2)
Navarro College,TX,Southwest Junior College Conference (Region 14)
New Mexico Junior College,NM,Western Junior College Athletic Conference (Region 5)
New Mexico Military Institute,NM,Western Junior College Athletic Conference (Region 5)
North Arkansas College,AR,Bi-State Conference (Region 2)
North Central Michigan College,MI,Michigan Community College Athletic Association (Region 12)
North Central Texas College,TX,North Texas Junior College Athletic Conference (Region 5)
North Dakota State College of Science,ND,Mon-Dak Conference (Region 13)
North Idaho College,ID,Scenic West Athletic Conference (Region 18)
North Iowa Area Community College,IA,Iowa Community College Athletic Conference (Region 11)
NorthWest Arkansas Community College,AR,Bi-State Conference (Region 2)
Northampton County Area Community College,PA,Eastern Pennsylvania Athletic Conference (Region 19)
Northeast Community College,NE,Iowa Community College Athletic Conference (Region 11)
Northeast Mississippi Community College,MS,Mississippi Association of Community & Junior Colleges (Region 23)
Northeast Texas Community College,TX,Southwest Junior College Conference (Region 14)
Northeastern Junior College,CO,Colorado Community College Athletic Conference (Region 9)
Northeastern Oklahoma A&M College,OK,Bi-State Conference (Region 2)
Northeastern Technical College,SC,Carolinas Junior College Conference (Region 10)
Northern Essex Community College,MA,Massachusetts Community College Athletic Association (Region 21)
Northern Oklahoma College,OK,Bi-State Conference (Region 2)
Northland Community and Technical College,MN,Minnesota College Athletic Conference (Region 13)
Northwest College,WY,Wyoming Community College Athletic Conference (Region 9)
Northwest Florida State College,FL,Panhandle Conference (Region 8)
Northwest Iowa Community College,IA,Iowa Community College Athletic Conference (Region 11)
Northwest Mississippi Community College,MS,Mississippi Association of Community & Junior Colleges (Region 23)
Northwest Shoals Community College,AL,Alabama Community College Conference (Region 22)
Nunez Community College,LA,Louisiana Community Colleges Athletic Conference (Region 23)
Oakland Community College,MI,Michigan Community College Athletic Association (Region 12)
Oakton College,IL,Illinois Skyway Conference (Region 4)
Ocean County College,NJ,Garden State Athletic Conference (Region 19)
Odessa College,TX,Western Junior College Athletic Conference (Region 5)
Onondaga Community College,NY,Mid-State Athletic Conference (Region 3)
Otero College,CO,Colorado Community College Athletic Conference (Region 9)
Owens Community College,OH,Ohio Community College Athletic Conference (Region 12)
Panola College,TX,Southwest Junior College Conference (Region 14)
Paris Junior College,TX,Southwest Junior College Conference (Region 14)
Parkland College,IL,Mid-West Athletic Conference (Region 24)
Passaic County Community College,NJ,Garden State Athletic Conference (Region 19)
Patrick & Henry Community College,VA,Carolinas Junior College Conference (Region 10)
Paul D Camp Community College,VA,Carolinas Junior College Conference (Region 10)
Pearl River Community College,MS,Mississippi Association of Community & Junior Colleges (Region 23)
Pellissippi State Community College,TN,Tennessee Junior and Community College Athletic Association (Region 7)
Pennsylvania Highlands Community College,PA,Western Pennsylvania Athletic Conference (Region 20)
Pensacola State College,FL,Panhandle Conference (Region 8)
Phoenix College,AZ,Arizona Community College Athletic Conference (Region 1)
Pima Community College,AZ,Arizona Community College Athletic Conference (Region 1)
Pitt Community College,NC,Carolinas Junior College Conference (Region 10)
Polk State College,FL,Suncoast Conference (Region 8)
Potomac State College of West Virginia University,WV,Western Pennsylvania Athletic Conference (Region 20)
Prairie State College,IL,Illinois Skyway Conference (Region 4)
Pratt Community College,KS,Kansas Jayhawk Community College Conference (Region 6)
Prince George's Community College,MD,Maryland Junior College Athletic Conference (Region 20)
Quincy College,MA,Massachusetts Community College Athletic Association (Region 21)
Quinsigamond Community College,MA,Massachusetts Community College Athletic Association (Region 21)
Ranger College,TX,North Texas Junior College Athletic Conference (Region 5)
Raritan Valley Community College,NJ,Garden State Athletic Conference (Region 19)
Reid State Technical College,AL,Alabama Community College Conference (Region 22)
Richard Bland College,VA,Carolinas Junior College Conference (Region 10)
Ridgewater College,MN,Minnesota College Athletic Conference (Region 13)
Riverland Community College,MN,Minnesota College Athletic Conference (Region 13)
Roane State Community College,TN,Tennessee Junior and Community College Athletic Association (Region 7)
Rochester Community and Technical College,MN,Minnesota College Athletic Conference (Region 13)
Rockingham Community College,NC,Carolinas Junior College Conference (Region 10)
Rose State College,OK,Bi-State Conference (Region 2)
Rowan College of South Jersey-Cumberland Campus,NJ,Garden State Athletic Conference (Region 19)
Rowan College of South Jersey-Gloucester Campus,NJ,Garden State Athletic Conference (Region 19)
Roxbury Community College,MA,Massachusetts Community College Athletic Association (Region 21)
SUNY Broome Community College,NY,Mid-State Athletic Conference (Region 3)
SUNY Corning Community College,NY,Mid-State Athletic Conference (Region 3)
Saint Johns River State College,FL,Mid-Florida Conference (Region 8)
Saint Louis Community College,MO,Missouri Community College Athletic Conference (Region 16)
Salem Community College,NJ,Garden State Athletic Conference (Region 19)
Salt Lake Community College,UT,Scenic West Athletic Conference (Region 18)
Sandhills Community College,NC,Carolinas Junior College Conference (Region 10)
Santa Fe College,FL,Mid-Florida Conference (Region 8)
Sauk Valley Community College,IL,Arrowhead Conference (Region 4)
Schoolcraft Community College District,MI,Michigan Community College Athletic Association (Region 12)
Scottsdale Community College,AZ,Arizona Community College Athletic Conference (Region 1)
Seminole State College,OK,Mid-Florida Conference (Region 8)
Seminole State College of Florida,FL,Mid-Florida Conference (Region 8)
Seward County Community College,KS,Kansas Jayhawk Community College Conference (Region 6)
Shelton State Community College,AL,Alabama Community College Conference (Region 22)
Shorter College,AR,Bi-State Conference (Region 2)
Snow College,UT,Scenic West Athletic Conference (Region 18)
South Arkansas College,AR,Bi-State Conference (Region 2)
South Florida State College,FL,Suncoast Conference (Region 8)
South Georgia State College,GA,Georgia Collegiate Athletic Association (Region 17)
South Georgia Technical College,GA,Georgia Collegiate Athletic Association (Region 17)
South Mountain Community College,AZ,Arizona Community College Athletic Conference (Region 1)
South Plains College,TX,Western Junior College Athletic Conference (Region 5)
Southeast Arkansas College,AR,Bi-State Conference (Region 2)
Southeast Community College Area,NE,Nebraska Community College Athletic Conference (Region 9)
Southeastern Community College,NC,Iowa Community College Athletic Conference (Region 11)
Southern Arkansas University Tech,AR,Bi-State Conference (Region 2)
Southern Crescent Technical College,GA,Georgia Collegiate Athletic Association (Region 17)
Southern Union State Community College,AL,Alabama Community College Conference (Region 22)
Southern University at Shreveport,LA,Louisiana Community Colleges Athletic Conference (Region 23)
Southwest Mississippi Community College,MS,Mississippi Association of Community & Junior Colleges (Region 23)
Southwest Tennessee Community College,TN,Tennessee Junior and Community College Athletic Association (Region 7)
Southwest Wisconsin Technical College,WI,Minnesota College Athletic Conference (Region 13)
Southwestern Christian College,TX,North Texas Junior College Athletic Conference (Region 5)
Southwestern Community College,IA,Iowa Community College Athletic Conference (Region 11)
Southwestern Michigan College,MI,Michigan Community College Athletic Association (Region 12)
Spoon River College,IL,Mid-West Athletic Conference (Region 24)
Springfield Technical Community College,MA,Massachusetts Community College Athletic Association (Region 21)
St Charles Community College,MO,Missouri Community College Athletic Conference (Region 16)
St Clair County Community College,MI,Michigan Community College Athletic Association (Region 12)
St Cloud Technical and Community College,MN,Minnesota College Athletic Conference (Region 13)
St Petersburg College,FL,Suncoast Conference (Region 8)
State College of Florida-Manatee-Sarasota,FL,Suncoast Conference (Region 8)
State Fair Community College,MO,Missouri Community College Athletic Conference (Region 16)
Surry Community College,NC,Carolinas Junior College Conference (Region 10)
Sussex County Community College,NJ,Garden State Athletic Conference (Region 19)
Tallahassee State College,FL,Panhandle Conference (Region 8)
Temple College,TX,North Texas Junior College Athletic Conference (Region 5)
Terra State Community College,OH,Ohio Community College Athletic Conference (Region 12)
Thaddeus Stevens College of Technology,PA,Eastern Pennsylvania Athletic Conference (Region 19)
Three Rivers College,MO,Missouri Community College Athletic Conference (Region 16)
Tohono O'odham Community College,AZ,Arizona Community College Athletic Conference (Region 1)
Tompkins Cortland Community College,NY,Mid-State Athletic Conference (Region 3)
Trinidad State College,CO,Colorado Community College Athletic Conference (Region 9)
Trinity Valley Community College,TX,Southwest Junior College Conference (Region 14)
Truckee Meadows Community College,NV,Scenic West Athletic Conference (Region 18)
Tyler Junior College,TX,Southwest Junior College Conference (Region 14)
United Tribes Technical College,ND,Mon-Dak Conference (Region 13)
University of Arkansas Community College Rich Mountain,AR,Bi-State Conference (Region 2)
University of Connecticut-Avery Point,CT,Massachusetts Community College Athletic Association (Region 21)
University of South Carolina-Lancaster,SC,Carolinas Junior College Conference (Region 10)
University of South Carolina-Salkehatchie,SC,Carolinas Junior College Conference (Region 10)
University of South Carolina-Sumter,SC,Carolinas Junior College Conference (Region 10)
Vernon College,TX,North Texas Junior College Athletic Conference (Region 5)
Victoria College,TX,Southwest Junior College Conference (Region 14)
Vincennes University,IN,Mid-West Athletic Conference (Region 24)
Virginia Peninsula Community College,VA,Carolinas Junior College Conference (Region 10)
Volunteer State Community College,TN,Tennessee Junior and Community College Athletic Association (Region 7)
Wake Technical Community College,NC,Carolinas Junior College Conference (Region 10)
Walters State Community College,TN,Tennessee Junior and Community College Athletic Association (Region 7)
Waubonsee Community College,IL,Illinois Skyway Conference (Region 4)
Wayne County Community College District,MI,Michigan Community College Athletic Association (Region 12)
Weatherford College,TX,North Texas Junior College Athletic Conference (Region 5)
Western Iowa Tech Community College,IA,Iowa Community College Athletic Conference (Region 11)
Western Nebraska Community College,NE,Nebraska Community College Athletic Conference (Region 9)
Western Oklahoma State College,OK,Bi-State Conference (Region 2)
Western Technical College,WI,Minnesota College Athletic Conference (Region 13)
Western Texas College,TX,Western Junior College Athletic Conference (Region 5)
Western Wyoming Community College,WY,Wyoming Community College Athletic Conference (Region 9)
Westmoreland County Community College,PA,Western Pennsylvania Athletic Conference (Region 20)
Wharton County Junior College,TX,Southwest Junior College Conference (Region 14)
William Rainey Harper College,IL,North Central Community College Conference (Region 4)
Williston State College,ND,Mon-Dak Conference (Region 13)
Yavapai College,AZ,Arizona Community College Athletic Conference (Region 1)
